id,lastName,firstName,fullName,gender,sex,email,phone,mobile,birthPlace,birthCountry,residence,residenceCountry,nationality,address,idNumber,passportNumber,cniNumber,fatherName,motherName,usualLanguage,motherLanguage,profession,company,academicReason,disabilities,birthDate,idExpirationDate,examSubjects,idType,examTypes,hasDisabilities,agreement,termsAccepted,preferredLanguage,hasExperience,needsAccommodation,isFirstTime
1,DUPONT,Jean,"Jean DUPONT",Masculin,Homme,jean.dupont@email.com,0123456789,0123456789,Paris,France,Lyon,France,Française,"123 Rue de la Paix, Lyon",FR123456789,FR123456789,FR123456789,Pierre DUPONT,Marie MARTIN,Français,Français,Développeur Web,TechCorp,Académique - Formation continue,Aucun,1990-01-15,2030-12-31,"Comprehension écrite,comprehension orale",CNI,"CE,CO",Aucun,true,true,Français,true,false,true
2,MARTIN,Marie,"Marie MARTIN",Féminin,Femme,marie.martin@email.com,0234567890,0234567890,Marseille,France,Paris,France,Française,"456 Avenue Victor Hugo, Paris",FR234567890,FR234567890,FR234567890,Jean MARTIN,Sophie BERNARD,Français,Français,Ingénieure,InnovateTech,Académique - Master en IA,Aucun,1985-05-20,2029-08-15,"Comprehension écrite,expression orale",CNI,"CE,EO",Aucun,true,true,Français,true,false,false
3,HASSAN,Ahmed,"Ahmed HASSAN",Masculin,Homme,ahmed.hassan@email.com,0345678901,0345678901,Casablanca,Maroc,Bordeaux,France,Marocaine,"789 Rue Sainte-Catherine, Bordeaux",MA345678901,MA345678901,MA345678901,Omar HASSAN,Fatima EL AMRANI,Français,Arabe,Data Scientist,DataCorp,Professionnel - Certification,Aucun,1992-12-10,2031-03-22,"Comprehension écrite,comprehension orale,expression ecrite,expression orale",Passeport,"CE,CO,EE,EO",Aucun,true,true,Français,true,false,true
4,GARCIA,Sofia,"Sofia GARCIA",Féminin,Femme,sofia.garcia@email.com,0456789012,0456789012,Madrid,Espagne,Nice,France,Espagnole,"321 Promenade des Anglais, Nice",ES456789012,ES456789012,ES456789012,Carlos GARCIA,Ana LOPEZ,Français,Espagnol,Designer UX,CreativeStudio,Académique - Formation design,Aucun,1988-09-03,2028-11-30,"expression ecrite",CNI,"EE",Aucun,true,true,Français,false,false,false
5,WANG,Li,"Li WANG",Féminin,Femme,li.wang@email.com,0567890123,0567890123,Shanghai,Chine,Toulouse,France,Chinoise,"654 Rue de Metz, Toulouse",CN567890123,CN567890123,CN567890123,Wei WANG,Ming CHEN,Français,Chinois,Chercheuse,UniversityLab,Académique - Doctorat,Aucun,1993-07-25,2032-01-18,"comprehension orale,expression orale",Passeport,"CO,EO",Aucun,true,true,Français,true,true,true
6,BROWN,James,"James BROWN",Masculin,Homme,james.brown@email.com,0678901234,0678901234,Londres,Royaume-Uni,Strasbourg,France,Britannique,"987 Grand Rue, Strasbourg",GB678901234,GB678901234,GB678901234,Robert BROWN,Sarah WILSON,Français,Anglais,Consultant IT,ConsultGroup,Professionnel - Expertise,Aucun,1987-02-14,2027-06-25,"Comprehension écrite",Passeport,"CE",Aucun,true,true,Anglais,true,false,false
7,ROSSI,Elena,"Elena ROSSI",Féminin,Femme,elena.rossi@email.com,0789012345,0789012345,Rome,Italie,Montpellier,France,Italienne,"147 Rue Foch, Montpellier",IT789012345,IT789012345,IT789012345,Marco ROSSI,Giulia FERRARI,Français,Italien,Architecte,ArchiFirm,Académique - Spécialisation,Aucun,1991-11-08,2030-04-12,"Comprehension écrite,expression ecrite,expression orale",CNI,"CE,EE,EO",Aucun,true,true,Italien,false,false,true
8,SILVA,Carlos,"Carlos SILVA",Masculin,Homme,carlos.silva@email.com,0890123456,0890123456,São Paulo,Brésil,Nantes,France,Brésilienne,"258 Rue Crébillon, Nantes",BR890123456,BR890123456,BR890123456,João SILVA,Maria SANTOS,Français,Portugais,Médecin,HospitalGroup,Professionnel - Reconnaissance,Aucun,1984-04-17,2026-09-08,Médecine,"comprehension orale,expression ecrite",Passeport,"CO,EE",Aucun,true,true,Portugais,true,true,false
